device_class,canonical_mfr,family,models_covered,doc_type,doc_number,title,normalized_relpath,provenance_type,source_url,retrieved,source_origin,original_name,not_in_workbook,dup_of,notes
Breakers,Unknown,Unclassified,Unclassified,curve-book,,1SDC007600G0201 WP MDGF 12.2024.pdf,Breakers/Unknown/Unclassified/1SDC007600G0201_WP MDGF_12.2024.pdf.pdf,local,,,lib-breakers,1SDC007600G0201_WP MDGF_12.2024.pdf.pdf,Y,,
Trip Units,ABB,Tmax XT,Tmax XT,curve-book,1SDH002013A1001,1SDH002013A1001(XT7),Trip Units/ABB/Tmax XT/1SDH002013A1001(XT7).pdf,local,,,lib-breakers,ABB\1SDH002013A1001(XT7).pdf,,,
Breakers,ABB,Tmax XT,Tmax XT,curve-book,1SDH002013A1002.pdf,1SDH002013A1002,Breakers/ABB/Tmax XT/1SDH002013A1002.pdf,local,,,lib-breakers,ABB\1SDH002013A1002.pdf,,,
Trip Units,General Electric,EntelliGuard,EntelliGuard,curve-book,1SQC930017M0201,1SQC930017M0201 GEH6270 11 2022,Trip Units/General Electric/EntelliGuard/1SQC930017M0201 GEH6270 11_2022.pdf,local,,,lib-breakers,ABB\1SQC930017M0201 GEH6270 11_2022.pdf,,,
Trip Units,ABB,Tmax XT,Tmax XT,curve-book,can,Ekip Touch,Trip Units/ABB/Tmax XT/Ekip Touch.pdf,local,,,lib-breakers,ABB\Ekip Touch.pdf,,,
Trip Units,General Electric,EntelliGuard,EntelliGuard,curve-book,details,Entelliguard TU series,Trip Units/General Electric/EntelliGuard/Entelliguard TU series.pdf,local,,,lib-breakers,ABB\Entelliguard TU series.pdf,,,
Trip Units,ABB,SACE Emax 2,SACE Emax 2,curve-book,1SDH001316R0002,DOC,Trip Units/ABB/SACE Emax 2/SACE E2.pdf,local,,,lib-breakers,ABB\SACE E2.pdf,,,
Trip Units,Eaton,Eaton,Eaton,curve-book,,Digitrip RMS Units,Trip Units/Eaton/Eaton/Digitrip RMS Units.pdf,local,,,lib-breakers,Eaton\Digitrip RMS Units.pdf,,,
_quarantine,Unknown,Unclassified,,tool,,Eaton Response to PXR Insulation Resistance Values,_quarantine/lib-breakers/Eaton Response to PXR Insulation Resistance Values.docx,local,,,lib-breakers,Eaton\Eaton Response to PXR Insulation Resistance Values.docx,,,non-PDF or invalid PDF
Trip Units,Eaton,Power Defense,Power Defense,curve-book,Catalogs,Eaton Response to PXR Insulation Resistance Values,Trip Units/Eaton/Power Defense/Eaton Response to PXR Insulation Resistance Values.pdf,local,,,lib-breakers,Eaton\Eaton Response to PXR Insulation Resistance Values.pdf,,,
Trip Units,Eaton,Series C,Series C,curve-book,adjustable,H Series,Trip Units/Eaton/Series C/H Series.PDF,local,,,lib-breakers,Eaton\H Series.PDF,,,
Breakers,Eaton,Series C,Series C,curve-book,TD012033EN,J FRAME TD012033EN FINAL,Breakers/Eaton/Series C/J-FRAME TD012033EN_FINAL.pdf,local,,,lib-breakers,Eaton\J-FRAME TD012033EN_FINAL.pdf,,,
Trip Units,Eaton,Series C,Series C,curve-book,td012034en.pdf,k frame time current curves td012034en,Trip Units/Eaton/Series C/k-frame-time-current-curves-td012034en.pdf,local,,,lib-breakers,Eaton\k-frame-time-current-curves-td012034en.pdf,,,
Trip Units,Eaton,Power Defense,Power Defense,curve-book,td013172en,magnum pxr tcc td013172en 2023 05,Trip Units/Eaton/Power Defense/magnum-pxr-tcc-td013172en-2023_05.pdf,local,,,lib-breakers,Eaton\magnum-pxr-tcc-td013172en-2023_05.pdf,,,
Trip Units,Eaton,Power Defense,Power Defense,curve-book,il0131154en.pdf,neutral current sensors il0131154en,Trip Units/Eaton/Power Defense/neutral-current-sensors-il0131154en.pdf,local,,,lib-breakers,Eaton\neutral-current-sensors-il0131154en.pdf,,,
Trip Units,Eaton,Power Defense,Power Defense,curve-book,td012063en.pdf,power defense frame1 thermal magnetic td012063en,Trip Units/Eaton/Power Defense/power-defense-frame1-thermal-magnetic-td012063en.pdf,local,,,lib-breakers,Eaton\power-defense-frame1-thermal-magnetic-td012063en.pdf,,,
Trip Units,Eaton,Power Defense,Power Defense,curve-book,td012066en.pdf,power defense frame4 thermal magnetic td012066en,Trip Units/Eaton/Power Defense/power-defense-frame4-thermal-magnetic-td012066en.pdf,local,,,lib-breakers,Eaton\power-defense-frame4-thermal-magnetic-td012066en.pdf,,,
Trip Units,Eaton,Power Defense,Power Defense,curve-book,td012064en.pdf,power defense time current curve frame2 pd2 td012064en,Trip Units/Eaton/Power Defense/power-defense-time-current-curve-frame2-pd2-td012064en.pdf,local,,,lib-breakers,Eaton\power-defense-time-current-curve-frame2-pd2-td012064en.pdf,,,
Trip Units,Eaton,Power Defense,Power Defense,curve-book,td012065en.pdf,power defense time current curve frame3 pd3 td012065en,Trip Units/Eaton/Power Defense/power-defense-time-current-curve-frame3-pd3-td012065en.pdf,local,,,lib-breakers,Eaton\power-defense-time-current-curve-frame3-pd3-td012065en.pdf,,,
Trip Units,Eaton,Power Defense,Power Defense,curve-book,td012067en.pdf,power defense time current curve frame5 pd5 td012067en,Trip Units/Eaton/Power Defense/power-defense-time-current-curve-frame5-pd5-td012067en.pdf,local,,,lib-breakers,Eaton\power-defense-time-current-curve-frame5-pd5-td012067en.pdf,,,
Trip Units,Eaton,Power Defense,Power Defense,curve-book,td012068en.pdf,power defense time current curve frame6 pd6 td012068en,Trip Units/Eaton/Power Defense/power-defense-time-current-curve-frame6-pd6-td012068en.pdf,local,,,lib-breakers,Eaton\power-defense-time-current-curve-frame6-pd6-td012068en.pdf,,,
Trip Units,Eaton,Series C,Series C,curve-book,td012038en,rd frame time current curves td012038en (1),Trip Units/Eaton/Series C/rd-frame-time-current-curves-td012038en (1).pdf,local,,,lib-breakers,Eaton\rd-frame-time-current-curves-td012038en (1).pdf,,,
Breakers,Eaton,Series C,Series C,curve-book,td012032en.pdf,series c g frame time current curves td012032en,Breakers/Eaton/Series C/series-c-g-frame-time-current-curves-td012032en.pdf,local,,,lib-breakers,Eaton\series-c-g-frame-time-current-curves-td012032en.pdf,,,
Trip Units,Eaton,Series C,Series C,curve-book,td012019en.pdf,series g l frame mccb td012019en,Trip Units/Eaton/Series C/series-g-l-frame-mccb-td012019en.pdf,local,,,lib-breakers,Eaton\series-g-l-frame-mccb-td012019en.pdf,,,
Trip Units,Eaton,Power Defense,Power Defense,curve-book,AD013001EN.pdf,series nrx with pxr nf and rf frames AD013001EN,Trip Units/Eaton/Power Defense/series-nrx-with-pxr-nf-and-rf-frames-AD013001EN.pdf,local,,,lib-breakers,Eaton\series-nrx-with-pxr-nf-and-rf-frames-AD013001EN.pdf,,,
Trip Units,Eaton,Magnum,Magnum,curve-book,IL70C1037H05,digitrip trip 520 Manual,Trip Units/Eaton/Magnum/digitrip-trip-520 Manual.pdf,local,,,lib-breakers,Eaton Digitrip 520\digitrip-trip-520 Manual.pdf,,,
Trip Units,General Electric,VersaTrip,VersaTrip,curve-book,DESCRIPTION,GE Ground Fault Testing Guide,Trip Units/General Electric/VersaTrip/GE Ground Fault Testing Guide.pdf,local,,,lib-breakers,GE Ground Fault Testing Guide.pdf,,,
Trip Units,Eaton,Power Defense,Power Defense,curve-book,il2c12702.pdf,compact motor operator in magnum low voltage circuit breakers il2c12702,Trip Units/Eaton/Power Defense/compact-motor-operator-in-magnum-low-voltage-circuit-breakers-il2c12702.pdf,local,,,lib-breakers,Magnum DS Brkr\compact-motor-operator-in-magnum-low-voltage-circuit-breakers-il2c12702.pdf,,,
Breakers,Eaton,Magnum,Magnum,curve-book,IB2C12060H12,DS DC DSX DSL & MDE installation and operation instructions,Breakers/Eaton/Magnum/DS_DC_DSX_DSL & MDE installation and operation instructions.pdf,local,,,lib-breakers,Magnum DS Brkr\DS_DC_DSX_DSL & MDE installation and operation instructions.pdf,,,
Breakers,Eaton,Magnum,Magnum,curve-book,illustrated,Eaton Magnum DS GF Instructions,Breakers/Eaton/Magnum/Eaton Magnum DS GF Instructions.pdf,local,,,lib-breakers,Magnum DS Brkr\Eaton Magnum DS GF Instructions.pdf,,,
Trip Units,Eaton,Magnum,Magnum,curve-book,IB2C13060H05,IB2C13060H05 IEC instruction booklet,Trip Units/Eaton/Magnum/IB2C13060H05_ IEC instruction booklet.pdf,local,,,lib-breakers,Magnum DS Brkr\IB2C13060H05_ IEC instruction booklet.pdf,,,
Trip Units,Eaton,Power Defense,Power Defense,curve-book,IL2C13769H08,IL2C13769H08 magnum standard motor,Trip Units/Eaton/Power Defense/IL2C13769H08-magnum-standard-motor.pdf,local,,,lib-breakers,Magnum DS Brkr\IL2C13769H08-magnum-standard-motor.pdf,,,
Trip Units,Eaton,Power Defense,Power Defense,curve-book,IL2C14760H05,IL2C14760H05 uvr,Trip Units/Eaton/Power Defense/IL2C14760H05-uvr.pdf,local,,,lib-breakers,Magnum DS Brkr\IL2C14760H05-uvr.pdf,,,
Trip Units,Eaton,Power Defense,Power Defense,curve-book,IL2C14761H07,IL2C14761H07 spring release,Trip Units/Eaton/Power Defense/IL2C14761H07-spring-release.pdf,local,,,lib-breakers,Magnum DS Brkr\IL2C14761H07-spring-release.pdf,,,
Trip Units,Eaton,Power Defense,Power Defense,curve-book,IL2C14762H07,IL2C14762H07 shunt trip,Trip Units/Eaton/Power Defense/IL2C14762H07-shunt-trip.pdf,local,,,lib-breakers,Magnum DS Brkr\IL2C14762H07-shunt-trip.pdf,,,
Trip Units,Eaton,Magnum,Magnum,curve-book,Case,Magnum DS,Trip Units/Eaton/Magnum/Magnum DS.pdf,local,,,lib-breakers,Magnum DS Brkr\Magnum DS.pdf,,,
Breakers,Siemens,Siemens,Siemens,curve-book,cause,3WL3 operating manual NAFTA UL1066 engl 2015 201512101417115285,Breakers/Siemens/Siemens/3WL3_operating_manual_NAFTA_UL1066_engl_2015_201512101417115285.pdf,local,,,lib-breakers,Siemens\3WL3_operating_manual_NAFTA_UL1066_engl_2015_201512101417115285.pdf,,,
Breakers,Siemens,Siemens,Siemens,curve-book,cators,sb series,Breakers/Siemens/Siemens/sb_series.pdf,local,,,lib-breakers,Siemens\sb_series.pdf,,,
Breakers,Siemens,Siemens,Siemens,curve-book,,sie sa wl selection guide,Breakers/Siemens/Siemens/sie-sa-wl-selection-guide.pdf,local,,,lib-breakers,Siemens\sie-sa-wl-selection-guide.pdf,,,
Trip Units,Schneider Electric,Micrologic,Micrologic,curve-book,Case,2 Micrologic Series B 0602CT9201R201 2022,Trip Units/Schneider Electric/Micrologic/2 Micrologic Series B 0602CT9201R201 - 2022.pdf,local,,,lib-breakers,SQ-D Schneider\2 Micrologic Series B 0602CT9201R201 - 2022.pdf,,,
Trip Units,Schneider Electric,Masterpact,Masterpact,curve-book,can,Micrologic Series A,Trip Units/Schneider Electric/Masterpact/Micrologic Series A.pdf,local,,,lib-breakers,SQ-D Schneider\Micrologic Series A.pdf,,,
Breakers,Schneider Electric,PowerPacT,PowerPacT,curve-book,Destornillador,PowerPacT P Frame & NS,Breakers/Schneider Electric/PowerPacT/PowerPacT P-Frame & NS.pdf,local,,,lib-breakers,SQ-D Schneider\PowerPacT P-Frame & NS.pdf,,,
Trip Units,ABB,SACE Emax 2,SACE Emax 2,instruction-manual,1SDH001330R0002.pdf,1SDH001330R0002,Trip Units/ABB/SACE Emax 2/1SDH001330R0002.pdf,local,,,lib-trips,ABB\1SDH001330R0002.pdf,,,
_quarantine,Unknown,Unclassified,,tool,,SACE Tmax XT UL Ekip Dip Settings Guide 1SXU210266G0201_Rev D,_quarantine/lib-trips/SACE Tmax XT UL Ekip Dip Settings Guide 1SXU210266G0201_Rev D.xlsx,local,,,lib-trips,ABB\SACE Tmax XT UL Ekip Dip Settings Guide 1SXU210266G0201_Rev D.xlsx,,,non-PDF or invalid PDF
Trip Units,Utility Relay,AC-PRO,AC-PRO,catalog,,I AC PRO MP,Trip Units/Utility Relay/AC-PRO/I-AC-PRO-MP.pdf,local,,,lib-trips,AC Pro\I-AC-PRO-MP.pdf,,,
Trip Units,Allen-Bradley,140G,140G,instruction-manual,carefully,140g in068 mu p,Trip Units/Allen-Bradley/140G/140g-in068_-mu-p.pdf,local,,,lib-trips,Allen Bradley\140g-in068_-mu-p.pdf,,,
Trip Units,Allen-Bradley,140G,140G,instruction-manual,ADVERTENCIA,140g in152 mu p,Trip Units/Allen-Bradley/140G/140g-in152_-mu-p.pdf,local,,,lib-trips,Allen Bradley\140g-in152_-mu-p.pdf,,,
_quarantine,Unknown,Unclassified,,tool,,Digitrip 520 Trip Curve Calculator,_quarantine/lib-trips/Digitrip 520 Trip Curve Calculator.xls,local,,,lib-trips,Digitrip 520 Trip Curve Calculator.xls,,,non-PDF or invalid PDF
_quarantine,Unknown,Unclassified,,tool,,Digitrip 520 Trip Curve Calculator,_quarantine/lib-trips/Digitrip 520 Trip Curve Calculator.xlsx,local,,,lib-trips,Digitrip 520 Trip Curve Calculator.xlsx,,,non-PDF or invalid PDF
Trip Units,Eaton,Magnum,Magnum,curve-book,can,digitrip 1150 1150i instantaneous curve time current curve 70c1043,Trip Units/Eaton/Magnum/digitrip-1150-1150i-instantaneous-curve-time-current-curve-70c1043.pdf,local,,,lib-trips,Eaton\digitrip-1150-1150i-instantaneous-curve-time-current-curve-70c1043.pdf,,,
Trip Units,Eaton,Power Defense,Power Defense,curve-book,Description,eaton td013172en magnum pxr tcc,Trip Units/Eaton/Power Defense/eaton_td013172en_magnum pxr_tcc.pdf,local,,,lib-trips,Eaton\eaton_td013172en_magnum pxr_tcc.pdf,,,
Trip Units,Eaton,Magnum,Magnum,instruction-manual,il70c1036h06.pdf,magnum digitrip 1150 1150i 1150 and 1150i trip units user manual il70c1036h06,Trip Units/Eaton/Magnum/magnum-digitrip-1150-1150i-1150-and-1150i-trip-units-user-manual-il70c1036h06.pdf,local,,,lib-trips,Eaton\magnum-digitrip-1150-1150i-1150-and-1150i-trip-units-user-manual-il70c1036h06.pdf,,,
Trip Units,General Electric,EntelliGuard,EntelliGuard,instruction-manual,DEH-4567C,Entelliguard GF Protection,Trip Units/General Electric/EntelliGuard/Entelliguard GF Protection.pdf,local,,,lib-trips,GE\Entelliguard GF Protection.pdf,,,
_quarantine,Unknown,Unclassified,,tool,,New Digitrip 1150 Trip Curve Calculator,_quarantine/lib-trips/New Digitrip 1150 Trip Curve Calculator.xls,local,,,lib-trips,New Digitrip 1150 Trip Curve Calculator.xls,,,non-PDF or invalid PDF
Trip Units,Siemens,Siemens,Siemens,instruction-manual,catalog,3VA manual molded case circuit breakers en en US,Trip Units/Siemens/Siemens/3VA_manual_molded_case_circuit_breakers_en_en-US.pdf,local,,,lib-trips,Siemens\3VA_manual_molded_case_circuit_breakers_en_en-US.pdf,,,
Trip Units,Siemens,ETU,ETU,catalog,etu745,Selection and Application Guide Low Voltage WL Circuit Breakers usa,Trip Units/Siemens/ETU/etu745.pdf,local,,,lib-trips,Siemens\etu745.pdf,,,
Trip Units,Siemens,SENTRON 3WA,SENTRON 3WA,instruction-manual,,manual 3wa 02 2023 en,Trip Units/Siemens/SENTRON 3WA/manual-3wa-02-2023-en.pdf,local,,,lib-trips,Siemens\manual-3wa-02-2023-en.pdf,,,
Trip Units,Siemens,Siemens,Siemens,catalog,,sentron 3va1,Trip Units/Siemens/Siemens/sentron_3va1.pdf,local,,,lib-trips,Siemens\sentron_3va1.pdf,,,
Trip Units,Siemens,SENTRON 3VA,SENTRON 3VA,catalog,Case,SIE SS 3VA64 600A Electronic1,Trip Units/Siemens/SENTRON 3VA/SIE_SS_3VA64_600A_Electronic1.pdf,local,,,lib-trips,Siemens\SIE_SS_3VA64_600A_Electronic1.pdf,,,
Trip Units,Siemens,ETU,ETU,curve-book,,Siemens ETU 586 & ETU 555 Trip Curves,Trip Units/Siemens/ETU/Siemens ETU 586 & ETU 555 Trip Curves.pdf,local,,,lib-trips,Siemens\Siemens ETU 586 & ETU 555 Trip Curves.pdf,,,
_quarantine,Unknown,Unclassified,,tool,,WL ETU TCC,_quarantine/lib-trips/WL ETU TCC.xls,local,,,lib-trips,Siemens\WL ETU TCC.xls,,,non-PDF or invalid PDF
Trip Units,Siemens,SENTRON 3WL/WL,SENTRON 3WL/WL,instruction-manual,Death,wl series,Trip Units/Siemens/SENTRON 3WL_WL/wl_series.pdf,local,,,lib-trips,Siemens\wl_series.pdf,,,
Trip Units,Schneider Electric,Masterpact,Masterpact,instruction-manual,DOCA0170EN,DOCA0170EN 05,Trip Units/Schneider Electric/Masterpact/DOCA0170EN-05.pdf,local,,,lib-trips,Square D\DOCA0170EN-05.pdf,,,
Trip Units,Schneider Electric,Masterpact MTZ,Masterpact MTZ,instruction-manual,DOCA0102EN,Masterpact X,Trip Units/Schneider Electric/Masterpact MTZ/Masterpact X.pdf,local,,,lib-trips,Square D\Masterpact X.pdf,,,
Trip Units,Schneider Electric,Micrologic,Micrologic,instruction-manual,Categories,Micrologic 5.0 6.0H,Trip Units/Schneider Electric/Micrologic/Micrologic 5.0 6.0H.pdf,local,,,lib-trips,Square D\Micrologic 5.0 6.0H.pdf,,,
Trip Units,Square-D,Series C,Series C,instruction-manual,,"Powerpact H, J & L Breakers","Trip Units/Square-D/Series C/Powerpact H, J & L Breakers.pdf",local,,,lib-trips,"Square D\Powerpact H, J & L Breakers.pdf",,,
Trip Units,Schneider Electric,Micrologic,Micrologic,curve-book,,Square D Micrologic 2.0 7.0A,Trip Units/Schneider Electric/Micrologic/Square D Micrologic 2.0 -7.0A.pdf,local,,,lib-trips,Square D\Square D Micrologic 2.0 -7.0A.pdf,,,
Trip Units,Schneider Electric,Masterpact,Masterpact,instruction-manual,designs,Square D Micrologic 5.0 6.0P,Trip Units/Schneider Electric/Masterpact/Square D Micrologic 5.0 - 6.0P.pdf,local,,,lib-trips,Square D\Square D Micrologic 5.0 - 6.0P.pdf,,,
_quarantine,Unknown,Unclassified,,tool,,TCC Quick Ref 3-18-17,_quarantine/lib-trips/TCC Quick Ref 3-18-17.xlsx,local,,,lib-trips,TCC Quick Ref 3-18-17.xlsx,,,non-PDF or invalid PDF
_quarantine,Unknown,Unclassified,,tool,,TCC Quick Ref 4-1-2018,_quarantine/lib-trips/TCC Quick Ref 4-1-2018.xlsx,local,,,lib-trips,TCC Quick Ref 4-1-2018.xlsx,,,non-PDF or invalid PDF
_quarantine,Unknown,Unclassified,,tool,,Timing test Toolbox 9.51 - ,_quarantine/lib-trips/Timing test Toolbox 9.51 - .xlsx,local,,,lib-trips,Timing test Toolbox 9.51 - .xlsx,,,non-PDF or invalid PDF
_quarantine,Unknown,Unclassified,,tool,,1-WEST.- TRIP UNIT TESTING,_quarantine/lib-trips/1-WEST.- TRIP UNIT TESTING.xlsx,local,,,lib-trips,TRIP UNITS RESA POWER\1-WEST.- TRIP UNIT TESTING.xlsx,,,non-PDF or invalid PDF
Trip Units,ABB,SACE Emax,SACE Emax,curve-book,1SDC200008D0202,ABB E Max Curves,Trip Units/ABB/SACE Emax/ABB E-Max Curves.pdf,local,,,lib-trips,TRIP UNITS RESA POWER\ABB E-Max Curves.pdf,,,
Trip Units,Utility Relay,AC-PRO,AC-PRO,curve-book,,AC PRO (CURVE) ECS SST Conversion,Trip Units/Utility Relay/AC-PRO/AC-PRO (CURVE) -ECS-SST_Conversion.pdf,local,,,lib-trips,TRIP UNITS RESA POWER\AC PRO CURVES & TIME CHART\AC-PRO (CURVE)     -ECS-SST_Conversion.pdf,,,
Trip Units,Utility Relay,AC-PRO,AC-PRO,curve-book,,AC PRO (CURVE) LSI,Trip Units/Utility Relay/AC-PRO/AC-PRO (CURVE) LSI.pdf,local,,,lib-trips,TRIP UNITS RESA POWER\AC PRO CURVES & TIME CHART\AC-PRO (CURVE) LSI.pdf,,,
Trip Units,Utility Relay,AC-PRO,AC-PRO,curve-book,,AC PRO (CURVE) QUICK TRIP GF & INST,Trip Units/Utility Relay/AC-PRO/AC-PRO (CURVE) QUICK-TRIP GF & INST.pdf,local,,,lib-trips,TRIP UNITS RESA POWER\AC PRO CURVES & TIME CHART\AC-PRO (CURVE) QUICK-TRIP GF & INST.pdf,,,
Trip Units,Utility Relay,AC-PRO,AC-PRO,curve-book,,AC PRO (CURVE) UNBAL & GF,Trip Units/Utility Relay/AC-PRO/AC-PRO (CURVE) UNBAL & GF.pdf,local,,,lib-trips,TRIP UNITS RESA POWER\AC PRO CURVES & TIME CHART\AC-PRO (CURVE) UNBAL & GF.pdf,,,
Trip Units,Utility Relay,AC-PRO,AC-PRO,curve-book,,AC PRO STATIC TRIP II SETTINGS CONVERSION,Trip Units/Utility Relay/AC-PRO/AC-PRO STATIC TRIP II SETTINGS CONVERSION.pdf,local,,,lib-trips,TRIP UNITS RESA POWER\AC PRO CURVES & TIME CHART\AC-PRO STATIC TRIP II SETTINGS CONVERSION.pdf,,,
Trip Units,Utility Relay,AC-PRO,AC-PRO,curve-book,,AC PRO TRIP TIMES CHARTS,Trip Units/Utility Relay/AC-PRO/AC-PRO TRIP TIMES CHARTS.pdf,local,,,lib-trips,TRIP UNITS RESA POWER\AC PRO CURVES & TIME CHART\AC-PRO TRIP TIMES CHARTS.pdf,,,
_quarantine,Unknown,Unclassified,,tool,,GE TRIP UNIT TESTING,_quarantine/lib-trips/GE TRIP UNIT TESTING.xlsx,local,,,lib-trips,TRIP UNITS RESA POWER\GE TRIP UNIT TESTING.xlsx,,,non-PDF or invalid PDF
Trip Units,Schneider Electric,Micrologic,Micrologic,instruction-manual,descriptions,0600IB1201 (bookmap),Trip Units/Schneider Electric/Micrologic/0600IB1201 (bookmap).pdf,local,,,staging,0600IB1201 (bookmap).pdf,,,
Breakers,Unknown,Unclassified,Unclassified,instruction-manual,CAUTIONS,1010466024 la 3000,Breakers/Unknown/Unclassified/1010466024-la-3000.pdf,local,,,staging,1010466024-la-3000.pdf,Y,,
Trip Units,General Electric,EntelliGuard,EntelliGuard,selectivity-table,designs,109143817 GE Circuit Breakers,Trip Units/General Electric/EntelliGuard/109143817-GE-Circuit-Breakers.pdf,local,,,staging,109143817-GE-Circuit-Breakers.pdf,,,
Trip Units,LSIS,Susol,Susol,instruction-manual,Catalogue,145829859 Susol MCCB Manual 1,Trip Units/LSIS/Susol/145829859-Susol-MCCB-Manual-1.pdf,local,,,staging,145829859-Susol-MCCB-Manual-1.pdf,,,
Breakers,ABB,Unclassified,Unclassified,catalog,catalogue,146960550 ABB Circuit Breaker,Breakers/ABB/Unclassified/146960550-ABB-Circuit-Breaker.pdf,local,,,staging,146960550-ABB-Circuit-Breaker.pdf,,,
Trip Units,Siemens,Static Trip II,Static Trip II,curve-book,DESCRIPTION,Manualslib,Trip Units/Siemens/Static Trip II/1cb6dc.pdf,local,,,staging,1cb6dc.pdf,,,
Breakers,ABB,SACE Emax,SACE Emax,catalog,1SDC200009D0202.pdf,1SDC200009D0202,Breakers/ABB/SACE Emax/1SDC200009D0202.pdf,local,,,staging,1SDC200009D0202.pdf,,,
Breakers,ABB,Tmax XT,Tmax XT,catalog,1SDC210015D0208.pdf,1SDC210015D0208,Breakers/ABB/Tmax XT/1SDC210015D0208.pdf,local,,,staging,1SDC210015D0208.pdf,,,
_quarantine,Unknown,Unclassified,,tool,,1SDC210015D0208,_quarantine/staging/1SDC210015D0208.txt,local,,,staging,1SDC210015D0208.txt,,,non-PDF or invalid PDF
Breakers,ABB,Tmax XT,Tmax XT,instruction-manual,1SDC210200D0206,1SDC210200D0206 Tmax XT UL 08 2024,Breakers/ABB/Tmax XT/1SDC210200D0206 - Tmax XT_UL_08_2024.pdf,local,,,staging,1SDC210200D0206 - Tmax XT_UL_08_2024.pdf,,,
Trip Units,General Electric,Series C,Series C,curve-book,1SQC930006D0201,1SQC930006D0201 DES100 11 2022,Trip Units/General Electric/Series C/1SQC930006D0201 DES100 11_2022.pdf,local,,,staging,1SQC930006D0201 DES100 11_2022.pdf,,,
Trip Units,General Electric,EntelliGuard,EntelliGuard,curve-book,1SQC930007D0201,1SQC930007D0201 DES123 11 2022,Trip Units/General Electric/EntelliGuard/1SQC930007D0201 DES123 11_2022.pdf,local,,,staging,1SQC930007D0201 DES123 11_2022.pdf,,,
Trip Units,General Electric,EntelliGuard,EntelliGuard,instruction-manual,1SQC930010M0201,1SQC930010M0201 DEH41318 11 2022,Trip Units/General Electric/EntelliGuard/1SQC930010M0201 DEH41318 11_2022.pdf,local,,,staging,1SQC930010M0201 DEH41318 11_2022.pdf,,,
Breakers,Westinghouse,Unclassified,Unclassified,catalog,CA08105001E,261877922 Tb 01200002 e,Breakers/Westinghouse/Unclassified/261877922-Tb-01200002-e.pdf,local,,,staging,261877922-Tb-01200002-e.pdf,,,
Breakers,Schneider Electric,M-Pact,M-Pact,selectivity-table,designed,292313380 M Pact MPro Air CircuitBreakers,Breakers/Schneider Electric/M-Pact/292313380-M-Pact-MPro-Air-CircuitBreakers.pdf,local,,,staging,292313380-M-Pact-MPro-Air-CircuitBreakers.pdf,,,
Breakers,Mitsubishi,Unclassified,Unclassified,catalog,Catalogue,386385977 PSS Technical Catalogue Y 0551 A 09 99,Breakers/Mitsubishi/Unclassified/386385977-PSS-Technical-Catalogue-Y-0551-A-09-99.pdf,local,,,staging,386385977-PSS-Technical-Catalogue-Y-0551-A-09-99.pdf,,,
Breakers,Unknown,Unclassified,Unclassified,instruction-manual,DON-1600S,Manualslib,Breakers/Unknown/Unclassified/3aaaef.pdf,local,,,staging,3aaaef.pdf,Y,,
Breakers,Siemens,Unclassified,Unclassified,instruction-manual,despersonnes,1Alle Rechte vorbehalten,Breakers/Siemens/Unclassified/3vf93.pdf,local,,,staging,3vf93.pdf,,,
Breakers,Siemens,Unclassified,Unclassified,catalog,descrip,3vm brochura 2019 09 26 en,Breakers/Siemens/Unclassified/3vm-brochura-2019-09-26-en.pdf,local,,,staging,3vm-brochura-2019-09-26-en.pdf,,,
Breakers,General Electric,Unclassified,Unclassified,catalog,Catalog,402132550 Spectronic SP Catalog pdf,Breakers/General Electric/Unclassified/402132550-Spectronic-SP-Catalog-pdf.pdf,local,,,staging,402132550-Spectronic-SP-Catalog-pdf.pdf,,,
Trip Units,Square-D,Unclassified,Unclassified,catalog,Adam,443163417 breaker king obsolete book pdf,Trip Units/Square-D/Unclassified/443163417-breaker-king-obsolete-book-pdf.pdf,local,,,staging,443163417-breaker-king-obsolete-book-pdf.pdf,,,
Breakers,Schneider Electric,M-Pact Plus,M-Pact Plus,catalog,Mpactplus-400-6300A,443882807 Mpactplus 400 6300A,Breakers/Schneider Electric/M-Pact Plus/443882807-Mpactplus-400-6300A.pdf,local,,,staging,443882807-Mpactplus-400-6300A.pdf,,,
Trip Units,LSIS,Susol,Susol,catalog,,466206552 LS A1TD TS Low Voltage Circuit Breaker,Trip Units/LSIS/Susol/466206552-LS-A1TD-TS-Low-Voltage-Circuit-Breaker.pdf,local,,,staging,466206552-LS-A1TD-TS-Low-Voltage-Circuit-Breaker.pdf,,,
Trip Units,General Electric,Power Break,Power Break,instruction-manual,DEH40391,Manualslib,Trip Units/General Electric/Power Break/4750d9.pdf,local,,,staging,4750d9.pdf,,,
Trip Units,Unknown,Selectivity,Selectivity,selectivity-table,Catalogue,484019416 Catalogue Record Plus English 7 pdf,Trip Units/Unknown/Selectivity/484019416-Catalogue-Record-Plus-English-7-pdf.pdf,local,,,staging,484019416-Catalogue-Record-Plus-English-7-pdf.pdf,Y,,
Breakers,WEG,Unclassified,Unclassified,instruction-manual,Case,506585104 WEG Acw Molded Case Circuit Breaker 50029482 Brochure English Dc,Breakers/WEG/Unclassified/506585104-WEG-Acw-Molded-Case-Circuit-Breaker-50029482-Brochure-English-Dc.pdf,local,,,staging,506585104-WEG-Acw-Molded-Case-Circuit-Breaker-50029482-Brochure-English-Dc.pdf,,,
Breakers,Schneider Electric,ComPacT NS,ComPacT NS,instruction-manual,cat,564702061 Compact NS user manual,Breakers/Schneider Electric/ComPacT NS/564702061-Compact-NS-user-manual.pdf,local,,,staging,564702061-Compact-NS-user-manual.pdf,,,
Breakers,Westinghouse,Unclassified,Unclassified,instruction-manual,Case,Manualslib,Breakers/Westinghouse/Unclassified/57fd14.pdf,local,,,staging,57fd14.pdf,,,
Trip Units,General Electric,Power Break,Power Break,instruction-manual,cards,Manualslib,Trip Units/General Electric/Power Break/5912fb.pdf,local,,,staging,5912fb.pdf,,,
Trip Units,Siemens,ETU,ETU,instruction-manual,63a682,Manualslib,Trip Units/Siemens/ETU/63a682.pdf,local,,,staging,63a682.pdf,,,
Breakers,Siemens,SENTRON 3VL,SENTRON 3VL,instruction-manual,LV18,724287363 MoldedCaseCircuitBreakers 3VL UL LV18 102019 EN 202003241845573615,Breakers/Siemens/SENTRON 3VL/724287363-MoldedCaseCircuitBreakers-3VL-UL-LV18-102019-EN-202003241845573615.pdf,local,,,staging,724287363-MoldedCaseCircuitBreakers-3VL-UL-LV18-102019-EN-202003241845573615.pdf,,,
Trip Units,ABB,Tmax XT,Tmax XT,catalog,,752514035 Tmax XT Product Presentation Ekip E,Trip Units/ABB/Tmax XT/752514035-Tmax-XT-Product-Presentation-Ekip-E.pdf,local,,,staging,752514035-Tmax-XT-Product-Presentation-Ekip-E.pdf,,,
Trip Units,General Electric,Power Break,Power Break,instruction-manual,Advanced,Manualslib,Trip Units/General Electric/Power Break/764c3d.pdf,local,,,staging,764c3d.pdf,,,
Breakers,ABB,SACE Emax,SACE Emax,catalog,illustrations,806264359 ABB EMAX,Breakers/ABB/SACE Emax/806264359-ABB-EMAX.pdf,local,,,staging,806264359-ABB-EMAX.pdf,,,
Breakers,ABB,Tmax XT,Tmax XT,catalog,Catalog.pdf,810609723 ABB MCCB TMAX Catalog,Breakers/ABB/Tmax XT/810609723-ABB-MCCB-TMAX-Catalog.pdf,local,,,staging,810609723-ABB-MCCB-TMAX-Catalog.pdf,,,
Breakers,Unknown,M-Pact,M-Pact,selectivity-table,design,870643927 ACB OMEGA,Breakers/Unknown/M-Pact/870643927-ACB-OMEGA.pdf,local,,,staging,870643927-ACB-OMEGA.pdf,Y,,
Breakers,Unknown,Unclassified,Unclassified,catalog,LVinsulated,9AKK108467A9440 en B BuyLog Section 8 LV insulated case circuit breakers,Breakers/Unknown/Unclassified/9AKK108467A9440_en_B_BuyLog Section 8_ LV insulated case circuit breakers.pdf,local,,,staging,9AKK108467A9440_en_B_BuyLog Section 8_ LV insulated case circuit breakers.pdf,Y,,
Breakers,Terasaki,Unclassified,Unclassified,instruction-manual,KRB-5220d,Manualslib,Breakers/Terasaki/Unclassified/9d1cf3.pdf,local,,,staging,9d1cf3.pdf,,,
Breakers,Unknown,WHG,WHG,catalog,capacity,ACB WHG Series WH.08ACB0824,Breakers/Unknown/WHG/ACB WHG Series WH.08ACB0824.pdf,local,,,staging,ACB WHG Series WH.08ACB0824.pdf,Y,,
Breakers,ABB,SACE Emax,SACE Emax,curve-book,1SXU000023C0202,all emax breakers,Breakers/ABB/SACE Emax/all_emax_breakers.pdf,local,,,staging,all_emax_breakers.pdf,,,
Breakers,Allen-Bradley,Series C,Series C,curve-book,Case,Allen Bradley Breakers & Motor Protectors,Breakers/Allen-Bradley/Series C/Allen Bradley Breakers & Motor Protectors.pdf,local,,,staging,Allen Bradley Breakers & Motor Protectors.pdf,,,
Breakers,OEZ,Unclassified,Unclassified,catalog,,ar02 2017 en web,Breakers/OEZ/Unclassified/ar02_2017_en_web.pdf,local,,,staging,ar02_2017_en_web.pdf,,,
Breakers,Changshu,Series C,Series C,catalog,address,Changsu CW1,Breakers/Changshu/Series C/Changsu CW1.pdf,local,,,staging,Changsu CW1.pdf,,,
Breakers,Changshu,Unclassified,Unclassified,catalog,Case,CM6 Series Moulded Case Circuit Breaker Quality ingenuity New interpretation CHANGSHU SWITCHGEAR MFG,Breakers/Changshu/Unclassified/CM6EN.pdf,local,,,staging,CM6EN.pdf,,,
Breakers,Schneider Electric,Series C,Series C,instruction-manual,DOCA0221EN,ComPacT NS 630 3200A User Guide DOCA0221EN 01,Breakers/Schneider Electric/Series C/ComPacT-NS-630-3200A-User-Guide-DOCA0221EN-01.pdf,local,,,staging,ComPacT-NS-630-3200A-User-Guide-DOCA0221EN-01.pdf,,,
Breakers,Schneider Electric,Series C,Series C,instruction-manual,DOCA0187EN,ComPacT NSX User Guide DOCA0187EN 03,Breakers/Schneider Electric/Series C/ComPacT-NSX-User-Guide-DOCA0187EN-03.pdf,local,,,staging,ComPacT-NSX-User-Guide-DOCA0187EN-03.pdf,,,
Breakers,Changshu,Unclassified,Unclassified,catalog,catalogue,CW1 SERIES INTELLIGENT AIR CIRCUIT BREAKERS CHANG SHU SWITCHGEA R MFG,Breakers/Changshu/Unclassified/CW1EN.pdf,local,,,staging,CW1EN.pdf,,,
Breakers,Changshu,Unclassified,Unclassified,instruction-manual,,C-1 CW6 series intelligent air circuit breaker Surprises everywhere on flagship performance CHANGSHU SWITCHGEAR MFG,Breakers/Changshu/Unclassified/CW6EN.pdf,local,,,staging,CW6EN.pdf,,,
Breakers,Unknown,Unclassified,Unclassified,catalog,DEA-013C.pdf,DEA 013C,Breakers/Unknown/Unclassified/DEA-013C.pdf,local,,,staging,DEA-013C.pdf,Y,,
Breakers,General Electric,Unclassified,Unclassified,catalog,DEJ-001.pdf,DEJ 001,Breakers/General Electric/Unclassified/DEJ-001.pdf,local,,,staging,DEJ-001.pdf,,,
Trip Units,General Electric,EntelliGuard,EntelliGuard,selectivity-table,DET-537E,DET 537E GE Overcurrent Device Inst Selectivity Tables,Trip Units/General Electric/EntelliGuard/DET-537E GE Overcurrent Device Inst Selectivity Tables.pdf,local,,,staging,DET-537E GE Overcurrent Device Inst  Selectivity Tables.pdf,,,
Breakers,Westinghouse,Unclassified,Unclassified,instruction-manual,illustrations,"j Westinghouse Electric Corporation Distribution and Control Business Unit Pittsburgh, PA 15220 Renewal Parts Data 33-79",Breakers/Westinghouse/Unclassified/ds206.pdf,local,,,staging,ds206.pdf,,,
Trip Units,Eaton,Power Defense,Power Defense,catalog,catalog,eaton acb izmx catalog ca01305001z en us,Trip Units/Eaton/Power Defense/eaton-acb-izmx-catalog-ca01305001z-en-us.pdf,local,,,staging,eaton-acb-izmx-catalog-ca01305001z-en-us.pdf,,,
Trip Units,Eaton,Power Defense,Power Defense,curve-book,mn013003en,eaton pxr 20 25 trip unit izmx16 40 instruction manual mn013003en en us,Trip Units/Eaton/Power Defense/eaton-pxr-20-25-trip-unit-izmx16-40-instruction-manual-mn013003en-en-us.pdf,local,,,staging,eaton-pxr-20-25-trip-unit-izmx16-40-instruction-manual-mn013003en-en-us.pdf,,,
Trip Units,Eaton,Power Defense,Power Defense,instruction-manual,mn013001en,eaton series nrx with pxr izmx16 type nf instruction manual mn013001en en us,Trip Units/Eaton/Power Defense/eaton-series-nrx-with-pxr-izmx16-type-nf-instruction-manual-mn013001en-en-us.pdf,local,,,staging,eaton-series-nrx-with-pxr-izmx16-type-nf-instruction-manual-mn013001en-en-us.pdf,,,
Trip Units,Eaton,Power Defense,Power Defense,instruction-manual,mn013002en,eaton series nrx with pxr izmx40 type rf instruction manual mn013002en en us,Trip Units/Eaton/Power Defense/eaton-series-nrx-with-pxr-izmx40-type-rf-instruction-manual-mn013002en-en-us.pdf,local,,,staging,eaton-series-nrx-with-pxr-izmx40-type-rf-instruction-manual-mn013002en-en-us.pdf,,,
Breakers,Siemens,SENTRON 3WA,SENTRON 3WA,instruction-manual,descriptions,EN Air circuit breakers 3WA,Breakers/Siemens/SENTRON 3WA/EN_Air_circuit_breakers_3WA.pdf,local,,,staging,EN_Air_circuit_breakers_3WA.pdf,,,
Breakers,Schneider Electric,M-Pact,M-Pact,instruction-manual,cassette,Manualslib,Breakers/Schneider Electric/M-Pact/f26bd6.pdf,local,,,staging,f26bd6.pdf,,,
Breakers,Schneider Electric,M-Pact Plus,M-Pact Plus,catalog,,GENERAL ELECTRIC M Pact Plus Breakers M Pact Plus,Breakers/Schneider Electric/M-Pact Plus/GENERAL ELECTRIC_M-Pact Plus Breakers_M-Pact Plus.pdf,local,,,staging,GENERAL ELECTRIC_M-Pact Plus Breakers_M-Pact Plus.pdf,,,
Trip Units,General Electric,Spectra,Spectra,catalog,GET-7002D.pdf,GET 7002D,Trip Units/General Electric/Spectra/GET-7002D.pdf,local,,,staging,GET-7002D.pdf,,,
Trip Units,General Electric,Power Break,Power Break,instruction-manual,Case,GET 8052D Power Break 2 12,Trip Units/General Electric/Power Break/GET-8052D_Power Break_2-12.pdf,local,,,staging,GET-8052D_Power Break_2-12.pdf,,,
Breakers,ABB,Unclassified,Unclassified,instruction-manual,dettagliata,ITSCE RH0061001,Breakers/ABB/Unclassified/ITSCE-RH0061001.pdf,local,,,staging,ITSCE-RH0061001.pdf,,,
Trip Units,Unknown,ComPacT NS,ComPacT NS,selectivity-table,cables,kupdf.net compact merlin gerin str,Trip Units/Unknown/ComPacT NS/kupdf.net_compact-merlin-gerin-str.pdf,local,,,staging,kupdf.net_compact-merlin-gerin-str.pdf,Y,,
Breakers,Schneider Electric,M-Pact,M-Pact,instruction-manual,Catalogue,M PACT Air Circuit Breaker User Manual,Breakers/Schneider Electric/M-Pact/M-PACT Air Circuit Breaker User Manual.pdf,local,,,staging,M-PACT Air Circuit Breaker User Manual.pdf,,,
Trip Units,Schneider Electric,Masterpact MTZ,Masterpact MTZ,instruction-manual,catalog.pdf,Masterpact MTZ catalog,Trip Units/Schneider Electric/Masterpact MTZ/Masterpact MTZ catalog.pdf,local,,,staging,Masterpact MTZ catalog.pdf,,,
Breakers,Westinghouse,Series C,Series C,catalog,Catalogue,MCCB E Series Catalogue V.5.6.20235,Breakers/Westinghouse/Series C/MCCB-E-Series Catalogue V.5.6.20235.pdf,local,,,staging,MCCB-E-Series Catalogue V.5.6.20235.pdf,,,
Breakers,Unknown,Unclassified,Unclassified,catalog,CASE,MCCB WH 01 MCCB0924,Breakers/Unknown/Unclassified/MCCB-WH-01-MCCB0924.pdf,local,,,staging,MCCB-WH-01-MCCB0924.pdf,Y,,
Breakers,LSIS,Susol,Susol,catalog,TD-TS,NU Susol UL(TD TS) MCCB 1504(0),Breakers/LSIS/Susol/NU Susol UL(TD_TS) MCCB_1504(0).pdf,local,,,staging,NU Susol UL(TD_TS) MCCB_1504(0).pdf,,,
Breakers,Eaton,Unclassified,Unclassified,instruction-manual,MN01219002Z,Artisan Technology Group is your source for quality new and certified-used/pre-owned equipment • FAST SHIPPING AND DELIV,Breakers/Eaton/Unclassified/nzm2.pdf,local,,,staging,nzm2.pdf,,,
Trip Units,Siemens,SENTRON 3VA,SENTRON 3VA,catalog,Design,oez 3va order code structure,Trip Units/Siemens/SENTRON 3VA/oez_3va_order_code_structure.pdf,local,,,staging,oez_3va_order_code_structure.pdf,,,
Trip Units,Eaton,Series NRX,Series NRX,instruction-manual,il01301051e.pdf,series nrx digitrip 520 operating manual il01301051e,Trip Units/Eaton/Series NRX/series-nrx-digitrip-520-operating-manual-il01301051e.pdf,local,,,staging,series-nrx-digitrip-520-operating-manual-il01301051e.pdf,,,
Breakers,Siemens,SENTRON 3VA,SENTRON 3VA,catalog,catalog.pdf,sie pc 3va catalog,Breakers/Siemens/SENTRON 3VA/sie-pc-3va-catalog.pdf,local,,,staging,sie-pc-3va-catalog.pdf,,,
Breakers,Schneider Electric,Masterpact,Masterpact,instruction-manual,Catalog,SqD MP NW DC,Breakers/Schneider Electric/Masterpact/SqD MP NW DC.pdf,local,,,staging,SqD MP NW DC.pdf,,,
Trip Units,Siemens,Static Trip II,Static Trip II,instruction-manual,descriptive,static trip ii,Trip Units/Siemens/Static Trip II/static_trip_ii.pdf,local,,,staging,static_trip_ii.pdf,,,
Trip Units,Westinghouse,Unclassified,Unclassified,instruction-manual,Adjustable,TECHNICALDATA29121A,Trip Units/Westinghouse/Unclassified/TECHNICALDATA29121A.pdf,local,,,staging,TECHNICALDATA29121A.pdf,,,
Trip Units,Terasaki,TemBreak,TemBreak,instruction-manual,Case,Terasaki TemBreak Pro Moulded Case Circuit Breaker Basic Electronic 160A to 630A User Manual,Trip Units/Terasaki/TemBreak/Terasaki-TemBreak-Pro-Moulded-Case-Circuit-Breaker-Basic-Electronic-160A-to-630A-User-Manual.pdf,local,,,staging,Terasaki-TemBreak-Pro-Moulded-Case-Circuit-Breaker-Basic-Electronic-160A-to-630A-User-Manual.pdf,,,
Breakers,Westinghouse,Unclassified,Unclassified,instruction-manual,Carbon,Type CL Carbon Circuit Breakers,Breakers/Westinghouse/Unclassified/Type CL Carbon Circuit Breakers.pdf,local,,,staging,Type CL Carbon Circuit Breakers.pdf,,,
Breakers,LSIS,Susol,Susol,catalog,Case,UL Smart MCCB Leaflet EN C010Y2 04 202512,Breakers/LSIS/Susol/UL_Smart_MCCB_Leaflet_EN_C010Y2-04-202512.pdf,local,,,staging,UL_Smart_MCCB_Leaflet_EN_C010Y2-04-202512.pdf,,,
Breakers,Unknown,Unclassified,Unclassified,curve-book,advance,W1000710,Breakers/Unknown/Unclassified/W1000710.pdf,local,,,staging,W1000710.pdf,Y,,
Breakers,Siemens,Unclassified,Unclassified,catalog,,W1001122,Breakers/Siemens/Unclassified/W1001122.pdf,local,,,staging,W1001122.pdf,,,
Trip Units,Unknown,Unclassified,Unclassified,instruction-manual,Description,W1001130,Trip Units/Unknown/Unclassified/W1001130.pdf,local,,,staging,W1001130.pdf,Y,,
Breakers,Westinghouse,M-Pact,M-Pact,catalog,capture,"Westinghouse ACB CHG,CSG Series WH 01 ACB03242","Breakers/Westinghouse/M-Pact/Westinghouse ACB - CHG,CSG Series WH-01-ACB03242.pdf",local,,,staging,"Westinghouse ACB - CHG,CSG Series WH-01-ACB03242.pdf",,,
Breakers,Eaton,Molded Case Circuit Breakers,Power Defense; Series G; Series C; PVGard; E2 Mining MCCB,catalog,CA08100005EN,Molded Case Circuit Breakers Catalog,Breakers/Eaton/Molded Case Circuit Breakers/Eaton - Molded Case Circuit Breakers - CA08100005EN.pdf,web-official,https://www.eaton.com/content/dam/eaton/products/electrical-circuit-protection/molded-case-circuit-breakers/mccb-catalog-v4-t2-ca08100005e.pdf,2026-06-07,web,mccb-catalog-v4-t2-ca08100005e.pdf,,,verified PDF download; content-type=application/pdf
Breakers,Eaton,Magnum DS,Magnum DS; Magnum SB; Magnum IEC,catalog,CA013002EN,"Magnum DS, SB, and IEC Low Voltage Power Circuit Breakers",Breakers/Eaton/Magnum DS/Eaton - Magnum DS - CA013002EN.pdf,web-official,https://www.eaton.com/content/dam/eaton/products/electrical-circuit-protection/low-voltage-air-circuit-breakers/magnum-ds-sb-iec-low-voltage-power-circuit-breakers-ca013002en.pdf,2026-06-07,web,magnum-ds-sb-iec-low-voltage-power-circuit-breakers-ca013002en.pdf,,,verified PDF download; content-type=application/pdf
Trip Units,Eaton,Power Xpert Release,PXR trip units for Power Defense MCCBs,instruction-manual,MN012007EN,Power Xpert Release Trip Units for Power Defense MCCBs,Trip Units/Eaton/Power Xpert Release/Eaton - Power Xpert Release - MN012007EN.pdf,web-official,https://www.eaton.com/content/dam/eaton/products/electrical-circuit-protection/molded-case-circuit-breakers/power-defense-molded-case-circuit-breakers/power-xpert-release-trip-units-for-power-defense-mn012007en.pdf,2026-06-07,web,power-xpert-release-trip-units-for-power-defense-mn012007en.pdf,,,verified PDF download; content-type=application/pdf
Breakers,Eaton,Selective Coordination,Eaton; Cutler-Hammer; Westinghouse; Challenger breaker combinations,selectivity-table,IA01200002E,Circuit Breaker Selective Coordination Tables,Breakers/Eaton/Selective Coordination/Eaton - Selective Coordination - IA01200002E.pdf,web-official,https://www.eaton.com/content/dam/eaton/products/electrical-circuit-protection/molded-case-circuit-breakers/selective-coordination-application-paper-ia01200002e.pdf,2026-06-07,web,selective-coordination-application-paper-ia01200002e.pdf,,,verified PDF download; content-type=application/pdf
Breakers,Eaton,Panelboards,Cutler-Hammer molded-case breaker combinations,selectivity-table,IA01400001E,Selective Coordination Breaker Application by SCCR in Panelboards,Breakers/Eaton/Panelboards/Eaton - Panelboards - IA01400001E.pdf,web-official,https://www.eaton.com/content/dam/eaton/products/low-voltage-power-distribution-controls-systems/panelboards/selective-coordination-breaker-applications-ia01400001e.pdf,2026-06-07,web,selective-coordination-breaker-applications-ia01400001e.pdf,,,verified PDF download; content-type=application/pdf
Breakers,Cutler-Hammer,Series C L-Frame,Series C L-frame legacy Eaton; Westinghouse; Cutler-Hammer,curve-book,TD012035EN,Series C L-Frame Time/Current Curves,Breakers/Cutler-Hammer/Series C L-Frame/Cutler-Hammer - Series C L-Frame - TD012035EN.pdf,web-official,https://www.eaton.com/content/dam/eaton/products/electrical-circuit-protection/molded-case-circuit-breakers/series-c-molded-case-circuit-breakers/ld-frame-time-current-curves-td012035en.pdf,2026-06-07,web,ld-frame-time-current-curves-td012035en.pdf,,,verified PDF download; content-type=application/pdf
Breakers,ABB,Tmax XT,SACE Tmax XT IEC molded case circuit breakers,catalog,1SDC210100D0205,SACE Tmax XT Low Voltage Molded Case Circuit Breakers,Breakers/ABB/Tmax XT/ABB - Tmax XT - 1SDC210100D0205.pdf,web-official,https://library.e.abb.com/public/af51e01127ae485581c3024eaedbf30c/Tmax%20XT_IEC_CATALOG_2020_1SDC210100D0205.pdf,2026-06-07,web,Tmax%20XT_IEC_CATALOG_2020_1SDC210100D0205.pdf,,,verified PDF download; content-type=application/pdf
Breakers,ABB,SACE Emax 2,SACE Emax 2 UL low voltage power circuit breakers; Ekip trip units,catalog,1SXU200040C0201,SACE Emax 2 Low Voltage Power Circuit Breakers,Breakers/ABB/SACE Emax 2/ABB - SACE Emax 2 - 1SXU200040C0201.pdf,web-official,https://library.e.abb.com/public/146d8db43d234a3d9f76b8f40f0b55d1/1SXU200040C0201-2020.03_%20Emax%202%20UL%20catalog.pdf,2026-06-07,web,1SXU200040C0201-2020.03_%20Emax%202%20UL%20catalog.pdf,,,verified PDF download; content-type=application/pdf
Breakers,ABB,Selectivity,ABB low-voltage circuit breaker selectivity,selectivity-table,1SDC007100G0205,Low Voltage Selectivity with ABB Circuit-Breakers,Breakers/ABB/Selectivity/ABB - Selectivity - 1SDC007100G0205.pdf,web-official,https://library.e.abb.com/public/0b0e2e3b4ea44a4099a2b5b008e8b65a/1SDC007100G0205_Low%20voltage%20selectivity%20QT1_02.2024.pdf,2026-06-07,web,1SDC007100G0205_Low%20voltage%20selectivity%20QT1_02.2024.pdf,,,verified PDF download; content-type=application/pdf
Breakers,General Electric,Selectivity,GE and ABB overcurrent devices; EntelliGuard; Power Break II; Spectra; Tmax XT; Emax 2,selectivity-table,DET-760G / 1SDC210066D0201,Guide to Instantaneous Selectivity Circuit Breaker Engineering Reference,Breakers/General Electric/Selectivity/General Electric - Selectivity - DET-760G _ 1SDC210066D0201.pdf,web-official,https://library.e.abb.com/public/f4e2a3a1f2d948e683583ae5152d58a3/Guide%20to%20Instantaneous%20Selectivity%201SDC210066D0201%2CDET760G.pdf,2026-06-07,web,Guide%20to%20Instantaneous%20Selectivity%201SDC210066D0201%2CDET760G.pdf,,,verified PDF download; content-type=application/pdf
Trip Units,Siemens,SENTRON 3VA,SENTRON 3VA molded case circuit breakers with electronic trip units,instruction-manual,A5E03603177010-03,SENTRON 3VA Molded Case Circuit Breakers with IEC Certificate,Trip Units/Siemens/SENTRON 3VA/Siemens - SENTRON 3VA - A5E03603177010-03.pdf,web-official,https://support.industry.siemens.com/cs/attachments/90318775/3VA_manual_molded_case_circuit_breakers_en_en-US.pdf,2026-06-07,web,3VA_manual_molded_case_circuit_breakers_en_en-US.pdf,,,verified PDF download; content-type=application/pdf
Breakers,Siemens,SENTRON 3VA,3VA molded case circuit breaker selectivity,selectivity-table,SIE-PG-3VA-SelectivityGuide,Selectivity Guide for 3VA Molded Case Circuit Breakers,Breakers/Siemens/SENTRON 3VA/Siemens - SENTRON 3VA - SIE-PG-3VA-SelectivityGuide.pdf,web-official,https://support.industry.siemens.com/cs/attachments/109983282/SIE_PG_3VA_SelectivityGuide.pdf,2026-06-07,web,SIE_PG_3VA_SelectivityGuide.pdf,,,verified PDF download; content-type=application/pdf
Breakers,Siemens,SENTRON 3VL,SENTRON 3VL molded case circuit breakers,instruction-manual,90042263,SENTRON Molded-Case Circuit Breakers 3VL,Breakers/Siemens/SENTRON 3VL/Siemens - SENTRON 3VL - 90042263.pdf,web-official,https://cache.industry.siemens.com/dl/files/263/90042263/att_104465/v1/SENTRON_molded-case_circuit_breakers_3VL_en-US.pdf,2026-06-07,web,SENTRON_molded-case_circuit_breakers_3VL_en-US.pdf,,,verified PDF download; content-type=application/pdf
Breakers,Allen-Bradley,140G/140MG,Bulletin 140G and 140MG molded case circuit breakers,catalog,140G-TD101,Molded Case Circuit Breaker Specifications,Breakers/Allen-Bradley/140G_140MG/Allen-Bradley - 140G_140MG - 140G-TD101.pdf,web-official,https://literature.rockwellautomation.com/idc/groups/literature/documents/td/140g-td101_-en-p.pdf,2026-06-07,web,140g-td101_-en-p.pdf,,,verified PDF download; content-type=application/pdf
Breakers,Allen-Bradley,140G/140MG,Bulletin 140G and 140MG molded case circuit breaker selectivity,selectivity-table,140G-TD050,Molded Case Circuit Breaker Selectivity Guide,Breakers/Allen-Bradley/140G_140MG/Allen-Bradley - 140G_140MG - 140G-TD050.pdf,web-official,https://literature.rockwellautomation.com/idc/groups/literature/documents/td/140g-td050_-en-p.pdf,2026-06-07,web,140g-td050_-en-p.pdf,,,verified PDF download; content-type=application/pdf
Breakers,Allen-Bradley,140G-N,Bulletin 140G-N and 140G-NS molded case circuit breakers,curve-book,140G-TD032B-EN-P,Time-Current Curves for Bulletin 140G-N (-NS) Molded Case Circuit Breaker,Breakers/Allen-Bradley/140G-N/Allen-Bradley - 140G-N - 140G-TD032B-EN-P.pdf,web-official,https://literature.rockwellautomation.com/idc/groups/literature/documents/td/140g-td032_-en-p.pdf,2026-06-07,web,140g-td032_-en-p.pdf,,,verified PDF download; content-type=application/pdf
Breakers,LSIS,Susol/Metasol ACB,Susol and Metasol air circuit breakers,catalog,,Air Circuit Breakers,Breakers/LSIS/Susol_Metasol ACB/LSIS - Susol_Metasol ACB.pdf,web-official,https://www.ls-electric.com/ko/cat/%5BSusol_Metasol%20ACB%5D_Catalog_EN_202009.pdf,2026-06-07,web,%5BSusol_Metasol%20ACB%5D_Catalog_EN_202009.pdf,,,verified PDF download; content-type=application/pdf
Breakers,LSIS,Susol/Metasol ACB,Susol and Metasol air circuit breakers,catalog,,Technical Catalog for Susol and Metasol ACB,Breakers/LSIS/Susol_Metasol ACB/LSIS - Susol_Metasol ACB [f1ce5436].pdf,web-official,https://www.ls-electric.com/upload/customer/download/1417/Metasol_Susol_ACB_E_070711.pdf,2026-06-07,web,Metasol_Susol_ACB_E_070711.pdf,,,verified PDF download; content-type=application/pdf
Breakers,LSIS,Susol UL MCCB,UTS Susol MCCB,catalog,,Nuclear UL UTS Susol MCCB,Breakers/LSIS/Susol UL MCCB/LSIS - Susol UL MCCB.pdf,web-official,https://www.ls-electric.com/upload/customer/download/1f4416e5-6dc2-4486-96a5-af7ccee63b7f/Nuclear_UL%28UTS%29%20Susol%20MCCB_1611.pdf,2026-06-07,web,Nuclear_UL%28UTS%29%20Susol%20MCCB_1611.pdf,,,verified PDF download; content-type=application/pdf
Breakers,Terasaki,TemBreak PRO,TemBreak PRO molded case circuit breakers,catalog,23-I68EJ,TemBreak PRO Moulded Case Circuit Breakers,Breakers/Terasaki/TemBreak PRO/Terasaki - TemBreak PRO - 23-I68EJ.pdf,web-official,https://www.terasaki.co.jp/english/files/business/breaker/23-I68EJ_web_24.7.18.pdf,2026-06-07,web,23-I68EJ_web_24.7.18.pdf,,,verified PDF download; content-type=application/pdf
Breakers,Terasaki,TemPower PRO,TemPower PRO air circuit breakers,catalog,23-I58K,TemPower PRO Air Circuit Breakers,Breakers/Terasaki/TemPower PRO/Terasaki - TemPower PRO - 23-I58K.pdf,web-official,https://www.terasaki.co.jp/files/business/download/catalog/tempower_pro.pdf,2026-06-07,web,tempower_pro.pdf,,,verified PDF download; content-type=application/pdf
Breakers,WEG,DWB UL,DWB UL 489 molded case circuit breakers,catalog,50066667,Molded Case Circuit Breakers UL 489 Listed - DWB Line,Breakers/WEG/DWB UL/WEG - DWB UL - 50066667.pdf,web-official,https://static.weg.net/medias/downloadcenter/h18/h4b/WEG-molded-case-circuit-breaker-dwb-ul-489-listed-50066667-en.pdf,2026-06-07,web,WEG-molded-case-circuit-breaker-dwb-ul-489-listed-50066667-en.pdf,,,verified PDF download; content-type=application/pdf
Breakers,WEG,DWB IEC,DWB molded case circuit breakers,catalog,50070240,DWB Molded Case Circuit Breaker,Breakers/WEG/DWB IEC/WEG - DWB IEC - 50070240.pdf,web-official,https://static.weg.net/medias/downloadcenter/hcd/ha4/WEG-DWB-50070240-en.pdf,2026-06-07,web,WEG-DWB-50070240-en.pdf,,,verified PDF download; content-type=application/pdf
Breakers,WEG,UBW,UBW time-current curves,curve-book,,UBW Technical Manual,Breakers/WEG/UBW/WEG - UBW.pdf,web-official,https://static.weg.net/medias/downloadcenter/hea/h03/WEG-UBW-technical-manual-en.pdf,2026-06-07,web,WEG-UBW-technical-manual-en.pdf,,,verified PDF download; content-type=application/pdf
Breakers,Mitsubishi,World Super V,WS-V molded case circuit breakers and earth leakage circuit breakers,catalog,Y-0720K,World Super V Series,Breakers/Mitsubishi/World Super V/Mitsubishi - World Super V - Y-0720K.pdf,web-official,https://dl.mitsubishielectric.com/dl/fa/document/catalog/lvcb/yn-c-0720/y0720k2603.pdf,2026-06-07,web,y0720k2603.pdf,,,verified PDF download; content-type=application/pdf
Breakers,Mitsubishi,AE-SW,AE-SW low-voltage air circuit breakers,catalog,Y-0622M,World Super AE Low Voltage Air Circuit Breakers,Breakers/Mitsubishi/AE-SW/Mitsubishi - AE-SW - Y-0622M.pdf,web-official,https://dl.mitsubishielectric.com/dl/fa/document/catalog/lvcb/yn-c-0622/y0622m2603.pdf,2026-06-07,web,y0622m2603.pdf,,,verified PDF download; content-type=application/pdf
Trip Units,Mitsubishi,AE-SW,AE-SW electronic trip relay operation characteristics,instruction-manual,IB63366H2501,Mitsubishi Low-Voltage Air Circuit Breakers Type AE-SW Instruction Manual,Trip Units/Mitsubishi/AE-SW/Mitsubishi - AE-SW - IB63366H2501.pdf,web-official,https://dl.mitsubishielectric.com/dl/fa/document/manual/lvcb/ib63366_eng/ib63366h2501_e.pdf,2026-06-07,web,ib63366h2501_e.pdf,,,verified PDF download; content-type=application/pdf
Breakers,Legrand,DPX3,DPX3 125 HP; 250 HP; 630; 1600 molded case circuit breakers,catalog,EXB19026,DPX3 Moulded Case Circuit Breakers,Breakers/Legrand/DPX3/Legrand - DPX3 - EXB19026.pdf,web-official,https://assets.legrand.com/pim/DOCUMENT/EXB19026_CA_DPX3_125HP250HP_630_1600EN.pdf,2026-06-07,web,EXB19026_CA_DPX3_125HP250HP_630_1600EN.pdf,,,verified PDF download; content-type=application/pdf
Breakers,Moeller,NZM,NZM molded case circuit breaker selectivity,selectivity-table,BR012020EN,NZM Selectivity Basic Guide,Breakers/Moeller/NZM/Moeller - NZM - BR012020EN.pdf,web-official,https://www.eaton.com/content/dam/eaton/products/electrical-circuit-protection/molded-case-circuit-breakers/emea---nzm-moulded-case-circuit-braker/eaton-mccb-selectivity-basic-guide-br012020en-en-us.pdf,2026-06-07,web,eaton-mccb-selectivity-basic-guide-br012020en-en-us.pdf,,,verified PDF download; content-type=application/pdf
Breakers,Moeller,NZM,NZM molded case circuit breaker selectivity update,selectivity-table,SA012021EN,Breaker Selectivity Update Guide,Breakers/Moeller/NZM/Moeller - NZM - SA012021EN.pdf,web-official,https://www.eaton.com/content/dam/eaton/products/electrical-circuit-protection/molded-case-circuit-breakers/emea---nzm-moulded-case-circuit-braker/eaton-nzm-selectivity-update-guide-sa012021en-en-us.pdf,2026-06-07,web,eaton-nzm-selectivity-update-guide-sa012021en-en-us.pdf,,,verified PDF download; content-type=application/pdf
