ScopeName,ProjectJobNumber
LAS16.PPM05,634414
LAS16.PPM06,634414
LAS16.PPM07,634414
LAS16.PPM08,634414
LAS16.PPM09,634414
LAS16.PPM10,634414
LAS16.PPM11,634414
LAS16.PPM12,634414
LAS16.PPM13,634414
LAS16.PPM14,634414
LAS16.PPM15,634414
LAS16.PPM16,634414
LAS16.PPM17,634414
LAS16.PPM18,634414
LAS16.PPM19,634414
LAS16.PPM20,634414
LAS16.PPM21,634414
LAS16.PPM22,634414
LAS16.PPM23,634414
LAS16.PPM24,634414
LAS16.GDB01-12,634414
LAS16.GDB13-24,634414
LAS16.HOUSE,634414
MV,634414
RPP's (1-120),634414
RPP's (121-240),634414
RPP's (241-360),634414
RPP's (361-480),634414
